{
    "phoneme_seq": [
        92,
        98,
        105,
        121,
        97,
        121,
        94,
        128,
        106,
        71,
        105,
        71,
        92,
        121,
        94,
        128,
        92,
        71,
        121,
        91,
        108,
        104,
        105,
        98,
        128,
        125,
        78,
        77,
        76,
        71,
        86,
        128,
        106,
        112,
        128,
        77,
        94,
        97,
        121,
        94,
        128,
        99,
        113,
        99,
        77,
        97,
        77,
        128,
        97,
        114,
        108,
        112,
        105,
        71,
        132,
        0
    ],
    "phoneme_location": [
        0,
        0,
        2,
        3,
        3,
        4,
        5,
        6,
        6,
        7,
        8,
        9,
        11,
        12,
        13,
        14,
        21,
        22,
        24,
        26,
        27,
        28,
        29,
        29,
        30,
        32,
        34,
        36,
        37,
        38,
        39,
        40,
        40,
        41,
        42,
        43,
        44,
        45,
        45,
        46,
        46,
        47,
        47,
        49,
        50,
        51,
        52,
        53,
        61,
        63,
        65,
        66,
        67,
        68,
        70,
        74
    ],
    "energy": [
        0.366681843996048,
        0.5486804842948914,
        0.4725313186645508,
        0.5670377016067505,
        0.39359039068222046,
        0.4804508090019226,
        0.39731088280677795,
        0.5460375547409058,
        0.6861273050308228,
        0.6286397576332092,
        0.6580479741096497,
        0.48269686102867126,
        0.4566786587238312,
        0.49577629566192627,
        0.29056528210639954,
        0.1913658082485199,
        0.3661784827709198,
        0.3389202654361725,
        0.26063063740730286,
        0.164119690656662,
        0.08505260944366455,
        0.11050936579704285,
        0.3709917366504669,
        0.7254797220230103,
        0.7408179044723511,
        0.6150268316268921,
        0.4053489565849304,
        0.41552630066871643,
        0.6981760859489441,
        0.6060627698898315,
        0.5290787816047668,
        0.4001546800136566,
        0.36012059450149536,
        0.5690060257911682,
        0.5725959539413452,
        0.34224817156791687,
        0.46976011991500854,
        0.605663537979126,
        0.6580425500869751,
        0.6675272583961487,
        0.5323585271835327,
        0.516364336013794,
        0.5286265015602112,
        0.5973455905914307,
        0.45535963773727417,
        0.36922499537467957,
        0.4321070909500122,
        0.3868788480758667,
        0.5583546161651611,
        0.3380335569381714,
        0.5652309060096741,
        0.42149293422698975,
        0.40832850337028503,
        0.38253700733184814,
        0.22125521302223206,
        0.3812315762042999,
        0.3779464662075043,
        0.28306612372398376,
        0.19246216118335724,
        0.08703208714723587,
        0.08203064650297165,
        0.3348183035850525,
        0.344686895608902,
        0.46330222487449646,
        0.7446802854537964,
        0.6085588932037354,
        0.4570547938346863,
        0.6052470803260803,
        0.6524012088775635,
        0.7163801789283752,
        0.5898849368095398,
        0.15511584281921387,
        0.06790220737457275,
        0.07267605513334274,
        0.07370570302009583
    ],
    "pitch": [
        0.08941909670829773,
        0.2862313687801361,
        0.293312132358551,
        0.3586070239543915,
        0.23247130215168,
        0.3177608549594879,
        0.6077837347984314,
        0.27080994844436646,
        0.36529621481895447,
        0.22559309005737305,
        0.3057168424129486,
        0.4720521867275238,
        0.16441921889781952,
        0.3138294816017151,
        0.5928016901016235,
        0.20019060373306274,
        0.407352089881897,
        0.3668436110019684,
        0.4771695137023926,
        0.4273088872432709,
        0.3050461411476135,
        0.1974758356809616,
        0.11166002601385117,
        0.20523342490196228,
        0.3470672070980072,
        0.4791254699230194,
        0.3873768448829651,
        0.16898074746131897,
        0.3263484835624695,
        0.3193097710609436,
        0.2888883352279663,
        0.4692811369895935,
        0.1725909262895584,
        0.25559085607528687,
        0.4443526864051819,
        0.5982586145401001,
        0.22218754887580872,
        0.2698504626750946,
        0.23666690289974213,
        0.5323167443275452,
        0.6783930659294128,
        0.5465869307518005,
        0.23738260567188263,
        0.21666200459003448,
        0.5858219861984253,
        0.09985336661338806,
        0.5467758774757385,
        0.11153100430965424,
        0.38056644797325134,
        0.23475834727287292,
        0.1743284910917282,
        0.3794829249382019,
        0.1149081438779831,
        0.6322910785675049,
        0.27645090222358704,
        0.3590920865535736,
        0.42086559534072876,
        0.4699963331222534,
        0.5097280144691467,
        0.33279216289520264,
        0.1644251048564911,
        0.12787671387195587,
        0.36988118290901184,
        0.05059664323925972,
        0.17656691372394562,
        0.9091152548789978,
        0.04588966444134712,
        0.32042381167411804,
        0.12564532458782196,
        0.2836257219314575,
        0.7791193127632141,
        0.5718035101890564,
        0.440449982881546,
        0.46199122071266174,
        0.10016836225986481
    ]
}